{
  "Component.js": 1601902020018,
  "manifest.json": 1601902020018,
  "test/changes_preview.js": 1601902020022,
  "test/changes_loader.js": 1601902020022,
  "localService/mockserver.js": 1601902020022,
  "i18n/i18n.properties": 1601902020022,
  "manifest-bundle.zip": 1601908516014,
  "Component-preload.js": 1601908516262,
  "localService/mockserver-dbg.js": 1601902020022,
  "test/changes_loader-dbg.js": 1601902020022,
  "test/changes_preview-dbg.js": 1601902020022,
  "Component-dbg.js": 1601902020018,
  "test/flpSandboxMockServer.html": 1601902020022,
  "test/flpSandbox.html": 1601902020022,
  "localService/metadata.xml": 1601902020022,
  "localService/ZUI_C_ZTBIN0002_VAN.xml": 1601902020022,
  "annotations/annotation.xml": 1601902020022
}