<?xml version="1.0" encoding="utf-8"?>
<edmx:Edmx Version="1.0" xmlns:edmx="http://schemas.microsoft.com/ado/2007/06/edmx" xmlns:m="http://schemas.microsoft.com/ado/2007/08/dataservices/metadata" xmlns:sap="http://www.sap.com/Protocols/SAPData">
    <edmx:Reference Uri="https://vhfals4dci.hec.falp.org:44300/sap/opu/odata/IWFND/CATALOGSERVICE;v=2/Vocabularies(TechnicalName='%2FIWBEP%2FVOC_COMMON',Version='0001',SAP__Origin='')/$value" xmlns:edmx="http://docs.oasis-open.org/odata/ns/edmx">
        <edmx:Include Namespace="com.sap.vocabularies.Common.v1" Alias="Common"/>
    </edmx:Reference>
    <edmx:Reference Uri="https://vhfals4dci.hec.falp.org:44300/sap/opu/odata/IWFND/CATALOGSERVICE;v=2/Vocabularies(TechnicalName='%2FIWBEP%2FVOC_CAPABILITIES',Version='0001',SAP__Origin='')/$value" xmlns:edmx="http://docs.oasis-open.org/odata/ns/edmx">
        <edmx:Include Namespace="Org.OData.Capabilities.V1" Alias="Capabilities"/>
    </edmx:Reference>
    <edmx:Reference Uri="https://vhfals4dci.hec.falp.org:44300/sap/opu/odata/IWFND/CATALOGSERVICE;v=2/Vocabularies(TechnicalName='%2FIWBEP%2FVOC_COMMUNICATION',Version='0001',SAP__Origin='')/$value" xmlns:edmx="http://docs.oasis-open.org/odata/ns/edmx">
        <edmx:Include Namespace="com.sap.vocabularies.Communication.v1" Alias="Communication"/>
    </edmx:Reference>
    <edmx:Reference Uri="https://vhfals4dci.hec.falp.org:44300/sap/opu/odata/IWFND/CATALOGSERVICE;v=2/Vocabularies(TechnicalName='%2FIWBEP%2FVOC_AGGREGATION',Version='0001',SAP__Origin='')/$value" xmlns:edmx="http://docs.oasis-open.org/odata/ns/edmx">
        <edmx:Include Namespace="Org.OData.Aggregation.V1" Alias="Aggregation"/>
    </edmx:Reference>
    <edmx:Reference Uri="https://vhfals4dci.hec.falp.org:44300/sap/opu/odata/IWFND/CATALOGSERVICE;v=2/Vocabularies(TechnicalName='%2FIWBEP%2FVOC_PERSONALDATA',Version='0001',SAP__Origin='')/$value" xmlns:edmx="http://docs.oasis-open.org/odata/ns/edmx">
        <edmx:Include Namespace="com.sap.vocabularies.PersonalData.v1" Alias="PersonalData"/>
    </edmx:Reference>
    <edmx:DataServices m:DataServiceVersion="2.0">
        <Schema Namespace="cds_zui_c_ztbin0002" xml:lang="en" sap:schema-version="1" xmlns="http://schemas.microsoft.com/ado/2008/09/edm">
            <EntityType Name="ParametrosType" sap:content-version="1">
                <Key>
                    <PropertyRef Name="coleccion"/>
                    <PropertyRef Name="codigo"/>
                    <PropertyRef Name="subcodigo"/>
                </Key>
                <Property Name="coleccion" Type="Edm.String" Nullable="false" MaxLength="10" sap:label=""/>
                <Property Name="codigo" Type="Edm.String" Nullable="false" MaxLength="16" sap:display-format="UpperCase" sap:label=""/>
                <Property Name="subcodigo" Type="Edm.String" Nullable="false" MaxLength="16" sap:display-format="UpperCase" sap:label=""/>
                <Property Name="descripcion" Type="Edm.String" MaxLength="30" sap:display-format="UpperCase" sap:label=""/>
                <Property Name="param1" Type="Edm.String" MaxLength="30" sap:display-format="UpperCase" sap:label=""/>
                <Property Name="param2" Type="Edm.String" MaxLength="30" sap:display-format="UpperCase" sap:label=""/>
                <Property Name="param3" Type="Edm.String" MaxLength="30" sap:display-format="UpperCase" sap:label=""/>
                <Property Name="param4" Type="Edm.String" MaxLength="30" sap:display-format="UpperCase" sap:label=""/>
                <Property Name="param5" Type="Edm.String" MaxLength="30" sap:display-format="UpperCase" sap:label=""/>
                <Property Name="param6" Type="Edm.String" MaxLength="30" sap:display-format="UpperCase" sap:label=""/>
                <Property Name="param7" Type="Edm.String" MaxLength="30" sap:display-format="UpperCase" sap:label=""/>
                <Property Name="param8" Type="Edm.String" MaxLength="30" sap:display-format="UpperCase" sap:label=""/>
            </EntityType>
            <EntityContainer Name="cds_zui_c_ztbin0002_Entities" m:IsDefaultEntityContainer="true" sap:message-scope-supported="true" sap:supported-formats="atom json xlsx">
                <EntitySet Name="Parametros" EntityType="cds_zui_c_ztbin0002.ParametrosType" sap:searchable="true" sap:content-version="1"/>
            </EntityContainer>
            <Annotations Target="cds_zui_c_ztbin0002.cds_zui_c_ztbin0002_Entities" xmlns="http://docs.oasis-open.org/odata/ns/edm">
                <Annotation Term="Aggregation.ApplySupported">
                    <Record>
                        <PropertyValue Property="Transformations">
                            <Collection>
                                <String>aggregate</String>
                                <String>groupby</String>
                                <String>filter</String>
                            </Collection>
                        </PropertyValue>
                        <PropertyValue Property="Rollup" EnumMember="None"/>
                    </Record>
                </Annotation>
            </Annotations>
            <atom:link rel="self" href="https://vhfals4dci.hec.falp.org:44300/sap/opu/odata/sap/ZUI_C_ZTBIN0002/$metadata" xmlns:atom="http://www.w3.org/2005/Atom"/>
            <atom:link rel="latest-version" href="https://vhfals4dci.hec.falp.org:44300/sap/opu/odata/sap/ZUI_C_ZTBIN0002/$metadata" xmlns:atom="http://www.w3.org/2005/Atom"/>
        </Schema>
    </edmx:DataServices>
</edmx:Edmx>