<?xml version="1.0" encoding="utf-8"?>
<edmx:Edmx Version="4.0" xmlns:edmx="http://docs.oasis-open.org/odata/ns/edmx">
    <edmx:Reference Uri="../../catalogservice;v=2/Vocabularies(TechnicalName='%2FIWBEP%2FVOC_COMMON',Version='0001',SAP__Origin='')/$value">
        <edmx:Include Namespace="com.sap.vocabularies.Common.v1" Alias="Common"/>
    </edmx:Reference>
    <edmx:Reference Uri="../../catalogservice;v=2/Vocabularies(TechnicalName='%2FIWBEP%2FVOC_UI',Version='0001',SAP__Origin='')/$value">
        <edmx:Include Namespace="com.sap.vocabularies.UI.v1" Alias="UI"/>
    </edmx:Reference>
    <edmx:Reference Uri="../../catalogservice;v=2/Vocabularies(TechnicalName='%2FIWBEP%2FVOC_COMMUNICATION',Version='0001',SAP__Origin='')/$value">
        <edmx:Include Namespace="com.sap.vocabularies.Communication.v1" Alias="Communication"/>
    </edmx:Reference>
    <edmx:Reference Uri="../../../sap/zui_c_ztbin0002/$metadata">
        <edmx:Include Namespace="ZUI_C_ZTBIN0002" Alias="SAP"/>
    </edmx:Reference>
    <edmx:DataServices>
        <Schema Namespace="zui_c_ztbin0002_van.v1" xmlns="http://docs.oasis-open.org/odata/ns/edm">
            <Annotations Target="cds_zui_c_ztbin0002.ParametrosType">
                <Annotation Term="UI.Facets">
                    <Collection>
                        <Record Type="UI.ReferenceFacet">
                            <PropertyValue Property="Label" String=""/>
                            <PropertyValue Property="ID" String="Parametro"/>
                            <PropertyValue Property="Target" AnnotationPath="@UI.Identification"/>
                        </Record>
                    </Collection>
                </Annotation>
                <Annotation Term="UI.HeaderInfo">
                    <Record>
                        <PropertyValue Property="TypeName" String="Parámetro"/>
                        <PropertyValue Property="TypeNamePlural" String="Parámetros"/>
                        <PropertyValue Property="Title">
                            <Record Type="UI.DataField">
                                <PropertyValue Property="Value" Path="coleccion"/>
                            </Record>
                        </PropertyValue>
                    </Record>
                </Annotation>
                <Annotation Term="UI.Identification">
                    <Collection>
                        <Record Type="UI.DataField">
                            <PropertyValue Property="Label" String=""/>
                            <PropertyValue Property="Value" Path="coleccion"/>
                        </Record>
                        <Record Type="UI.DataField">
                            <PropertyValue Property="Value" Path="codigo"/>
                        </Record>
                        <Record Type="UI.DataField">
                            <PropertyValue Property="Value" Path="subcodigo"/>
                        </Record>
                        <Record Type="UI.DataField">
                            <PropertyValue Property="Value" Path="descripcion"/>
                        </Record>
                        <Record Type="UI.DataField">
                            <PropertyValue Property="Value" Path="param1"/>
                        </Record>
                        <Record Type="UI.DataField">
                            <PropertyValue Property="Label" String=""/>
                            <PropertyValue Property="Value" Path="param2"/>
                        </Record>
                        <Record Type="UI.DataField">
                            <PropertyValue Property="Label" String=""/>
                            <PropertyValue Property="Value" Path="param3"/>
                        </Record>
                        <Record Type="UI.DataField">
                            <PropertyValue Property="Label" String=""/>
                            <PropertyValue Property="Value" Path="param4"/>
                        </Record>
                        <Record Type="UI.DataField">
                            <PropertyValue Property="Label" String=""/>
                            <PropertyValue Property="Value" Path="param5"/>
                        </Record>
                        <Record Type="UI.DataField">
                            <PropertyValue Property="Label" String=""/>
                            <PropertyValue Property="Value" Path="param6"/>
                        </Record>
                        <Record Type="UI.DataField">
                            <PropertyValue Property="Label" String=""/>
                            <PropertyValue Property="Value" Path="param7"/>
                        </Record>
                        <Record Type="UI.DataField">
                            <PropertyValue Property="Label" String=""/>
                            <PropertyValue Property="Value" Path="param8"/>
                        </Record>
                    </Collection>
                </Annotation>
                <Annotation Term="UI.LineItem">
                    <Collection>
                        <Record Type="UI.DataField">
                            <PropertyValue Property="Label" String=""/>
                            <PropertyValue Property="Value" Path="coleccion"/>
                            <Annotation Term="UI.Importance" EnumMember="UI.ImportanceType/High"/>
                        </Record>
                        <Record Type="UI.DataField">
                            <PropertyValue Property="Value" Path="codigo"/>
                            <Annotation Term="UI.Importance" EnumMember="UI.ImportanceType/High"/>
                        </Record>
                        <Record Type="UI.DataField">
                            <PropertyValue Property="Value" Path="subcodigo"/>
                            <Annotation Term="UI.Importance" EnumMember="UI.ImportanceType/High"/>
                        </Record>
                        <Record Type="UI.DataField">
                            <PropertyValue Property="Value" Path="descripcion"/>
                            <Annotation Term="UI.Importance" EnumMember="UI.ImportanceType/Low"/>
                        </Record>
                        <Record Type="UI.DataField">
                            <PropertyValue Property="Label" String=""/>
                            <PropertyValue Property="Value" Path="param1"/>
                            <Annotation Term="UI.Importance" EnumMember="UI.ImportanceType/High"/>
                        </Record>
                        <Record Type="UI.DataField">
                            <PropertyValue Property="Value" Path="param2"/>
                            <Annotation Term="UI.Importance" EnumMember="UI.ImportanceType/Medium"/>
                        </Record>
                        <Record Type="UI.DataField">
                            <PropertyValue Property="Value" Path="param3"/>
                            <Annotation Term="UI.Importance" EnumMember="UI.ImportanceType/Low"/>
                        </Record>
                        <Record Type="UI.DataField">
                            <PropertyValue Property="Value" Path="param4"/>
                            <Annotation Term="UI.Importance" EnumMember="UI.ImportanceType/Low"/>
                        </Record>
                        <Record Type="UI.DataField">
                            <PropertyValue Property="Value" Path="param5"/>
                            <Annotation Term="UI.Importance" EnumMember="UI.ImportanceType/Low"/>
                        </Record>
                        <Record Type="UI.DataField">
                            <PropertyValue Property="Value" Path="param6"/>
                            <Annotation Term="UI.Importance" EnumMember="UI.ImportanceType/Low"/>
                        </Record>
                        <Record Type="UI.DataField">
                            <PropertyValue Property="Value" Path="param7"/>
                            <Annotation Term="UI.Importance" EnumMember="UI.ImportanceType/Low"/>
                        </Record>
                        <Record Type="UI.DataField">
                            <PropertyValue Property="Value" Path="param8"/>
                            <Annotation Term="UI.Importance" EnumMember="UI.ImportanceType/Low"/>
                        </Record>
                    </Collection>
                </Annotation>
                <Annotation Term="UI.SelectionFields">
                    <Collection>
                        <PropertyPath>coleccion</PropertyPath>
                        <PropertyPath>codigo</PropertyPath>
                        <PropertyPath>subcodigo</PropertyPath>
                    </Collection>
                </Annotation>
            </Annotations>
        </Schema>
    </edmx:DataServices>
</edmx:Edmx>